tweet_id,author_id,text,created_at,source,retweet_count,reply_count,like_count,quote_count,author_created_at,author_followers_count,author_tweet_count,author_verified,author_location
1962191355028938766,2963671320,"@AbdulWa70742798 @temporary_handl It's tragic that Muslims in occupied Kashmir face atrocities by Hindus. Even more heartbreaking is that in Muslim country Pakistan, the Pakistani Army is inflicting injustice, atrocities and cruelty on its own Muslim people.
#Pakistan #Mafia",2025-08-31 16:30:49+00:00,,0,0,0,0,2015-01-07 18:42:43+00:00,434,98713,False,
1962191316629995846,2963671320,"@5Naureen It's tragic that Muslims in occupied Kashmir face atrocities by Hindus. Even more heartbreaking is that in Muslim country Pakistan, the Pakistani Army is inflicting injustice, atrocities and cruelty on its own Muslim people. 
#Pakistan #Mafia",2025-08-31 16:30:40+00:00,,0,0,0,0,2015-01-07 18:42:43+00:00,434,98713,False,
1962190967810793696,1079032843647504384,@itissecret8 @6ixbuzztv @MarkJCarney RSS extremists can often be seen wearing turbans to disguise as #Sikhs https://t.co/LdEpACknL4,2025-08-31 16:29:17+00:00,,0,0,0,0,2018-12-29 15:14:12+00:00,51,9008,False,"Anandpur Sahib, Panjab"
1962187554155073550,1926479177642860544,"@DesiKing_ Yes , I have been hearing these grooming cases for decades 

India or rather Hindus woke late and the effects of that demographic change is evident in places like Bengal , Kashmir where Muslim are overwhelmingly Muslim majority after genocide &amp; rape Jihad",2025-08-31 16:15:43+00:00,,0,0,0,0,2025-05-25 03:23:34+00:00,32,7322,False,
1962178769357074473,718104012457816069,"Missionaries gave India schools, colleges, hospitals etc...BJP‚ÄìRSS gave mobs, hate &amp; WhatsApp lies. Don‚Äôt blame Christians or Muslims, the real destruction of India is happening through Hindu extremist politics dividing the nation from within. https://t.co/5vFJKkB7pR",2025-08-31 15:40:48+00:00,,0,0,0,0,2016-04-07 15:51:53+00:00,917,14035,False,India 
1962175731531997555,1523187195279908864,"@PsyOpValkyrie all right, the things happening to hindus in porkis or in kangludesh will start to happen in india also to your ummah brothers. Then don‚Äôt cry Islamophobia. Your pedo is already in hell, and all of you pedo worshipers will end up in same hell.",2025-08-31 15:28:44+00:00,,0,0,0,0,2022-05-08 06:26:03+00:00,15,5420,False,
1962175176088711524,1640965025295892480,"@TimesAlgebraIND Islamist mobs pelting stones at Nepali Hindus‚Äô Ganesh procession in Janakpur, Maa Sita‚Äôs holy birthplace, is a shameful assault on religious freedom in a Hindu-majority nation. Such cowardice betrays Nepal‚Äôs legacy of harmony‚Äîcondemn this intolerance!",2025-08-31 15:26:32+00:00,,0,0,0,0,2023-03-29 06:32:47+00:00,1333,371,False,"Patna, India"
1962169864166273522,1859877355071877120,"Security Issues: Uri, Pulwama attacks; 72% rise in soldier deaths. China encroached Ladakh; Kashmir unrest persists.
Social Tensions: Rise in Dalit/minority atrocities; SC/ST scholarships cut 40%. Communal rhetoric criticized.",2025-08-31 15:05:25+00:00,,0,1,0,0,2024-11-22 08:31:41+00:00,1,160,False,
1962169239223276015,1831770234988195840,@mohdjauwwadalam @PMOIndia @UNHumanRights @humanesociety @OICatUN @asadowaisi @humanrights1st Down islamophobia in india,2025-08-31 15:02:56+00:00,,0,0,0,0,2024-09-05 19:04:37+00:00,6,186,False,
1962168940483772475,1564053322029580288,"@19Maradona_ Just like in 1984 when government sponsored Hindu mobs were lynching and burning Sikhs, fire brigades were instructed to not answer any phone calls and police were asked to look the other way or actively help the mobs",2025-08-31 15:01:45+00:00,,0,0,1,0,2022-08-29 00:53:01+00:00,69,2317,False,
1962167904780038416,45547891,@WokePandemic Why will anyone want to promote eating of beef if its leading to mob-lynchings? Brahminical Bjp is the biggest threat to hindus. Islamophobia in india screams brahminism brahminism &amp; brahminism. Any non-brahmin supporting BJP is a threat to himself/ herself.,2025-08-31 14:57:38+00:00,,0,0,0,0,2009-06-08 11:46:04+00:00,918,54103,False,"Mumbai, India"
1962161541085823202,1720665183188922368,"@Piyush05092152 @MohsinAnsa24152 @himantabiswa Allegations of ""saffron terror"" refer to claimed Hindu nationalist attacks like Malegaon blasts (2008). A July 2025 NIA court acquitted all accused, per Times of India and Swarajya reports, leading BJP to call it a Congress narrative. Critics like The Wire note ongoing concerns",2025-08-31 14:32:21+00:00,,0,0,1,0,2023-11-04 04:52:34+00:00,6144116,43672988,True,wherever you are
1962160784836100513,1720665183188922368,"@Piyush05092152 @MohsinAnsa24152 @himantabiswa Based on Global Terrorism Index 2025, top groups include Islamic State (1,805 deaths) and Tehrik-e-Taliban Pakistan (558 deaths), mostly jihadist. No Hindu groups are listed in major indices like GTI or US/UK proscribed lists. Allegations of ""saffron terror"" (e.g., Samjhauta",2025-08-31 14:29:20+00:00,,0,1,0,0,2023-11-04 04:52:34+00:00,6144116,43672988,True,wherever you are
1962152651359129972,1516952032095178754,These mobs of Patrick Goss and Kiran Desai and Kaushik Amin in name of stealing elections for secular and non secular hindu politicians not letting me work for more than 15 /20 years. Please investigate all my allegations including why PatrickGoss didn't let me go through federal,2025-08-31 13:57:01+00:00,,0,1,0,0,2022-04-21 01:29:12+00:00,1,1197,False,"Skokie, IL"
1962152646175031497,1516952032095178754,several murder attempts using police of India and USA Hindu and Sikh extremists and mobs since 2003 in India and the USA and murdered my Alpeshv's non-hindu brother in-law  and a cousin sister using CIA's  real or fake operatives &amp; advanced intel technology as per community.,2025-08-31 13:57:00+00:00,,0,1,0,0,2022-04-21 01:29:12+00:00,1,1197,False,"Skokie, IL"
1962148733002588408,1162739178821443590,@ada_lluch I'm happy for the crime that is happening in Europe because woke west accuses India of Islamophobia without understanding India is actually a victim of jihadists . Now you enjoy the crimes and rapes.,2025-08-31 13:41:27+00:00,,0,0,0,0,2019-08-17 14:54:04+00:00,52,1529,False,"Delhi, India"
1962146684403892594,1720665183188922368,"@sammypurpose @RantStormmm @stats_feed Reports from EFI, UCF, and USCIRF in 2024-2025 point to Hindu nationalist groups like Bajrang Dal, VHP, and RSS affiliates as primary sources of violence against Christians in India. Some incidents involve local mobs or police, and in Manipur, ethnic tensions with Meitei",2025-08-31 13:33:19+00:00,,0,1,0,0,2023-11-04 04:52:34+00:00,6144116,43672988,True,wherever you are
1962145972953522184,1949898863751680003,"@dreamlighthoriz @brahmasmiti Lol sure, Khalistani terrorists blow up planes while hindutvas celebrate Ramnavmi with saffron flag. Quit talking like a 8yo, Khalistanis are not even Sikh, Sikhs who don't align themselves with their terror ideology are threatened in Khalistani Gurudwaras.",2025-08-31 13:30:29+00:00,,0,1,5,0,2025-07-28 18:25:18+00:00,129,1837,False,
1962138480655659446,1751891593425043456,"@IndiaWarfare Fucker Congress has mixed the two.

Should have restricted to RSS terror, not Hindu terror or Saffron terror.",2025-08-31 13:00:43+00:00,,0,1,3,0,2024-01-29 08:55:45+00:00,541,3766,False,Bharatvarsh
1962138350464409662,1751891593425043456,"@IndiaWarfare I know someone who has met Pragya &amp; told me that in reality she was involved in Malegaon Blast.

When I asked him about role of Israel &amp; RSS in 26/11, he was not aware about it.

Problem is if I say someone, that Pragya was involved, I will be labelled as Saffron terror believer.",2025-08-31 13:00:12+00:00,,0,3,3,0,2024-01-29 08:55:45+00:00,541,3766,False,Bharatvarsh
1962136412914168005,1695693512384368640,"@AhmedShahAzfar @SirLordHenry666 @AngkoLIfe @BNPTheGayParty @stereotype_bong @satyanewshi @AskPerplexity Lol...moslems pop keeps on rising too.
For all the avowed moslems atrocities claims...their pop keeps on increasing and as for ""open air prison"" kashmiris are surprisingly free to travel everywhere and they mantain status qou in Kashmir and jammu district despite article 370",2025-08-31 12:52:30+00:00,,0,0,1,0,2023-08-27 07:03:48+00:00,25,2338,False,gupta empire 
1962136017877807564,231134980,"6) Iconic Comedian John Oliver belt√©d Narendra Modi over growing Islamophobia in India

Ofc, this video was banned in India, as predicted by John üò≠üò≠üò≠

https://t.co/J1y5vfgBSb",2025-08-31 12:50:56+00:00,,119,4,543,4,2010-12-27 18:01:31+00:00,92950,185962,False,Fascist Regime
1962121195744301132,1806293925122158593,"üö® Disturbing from Janakpurdham, Nepal üö®

Hindu devotees performing Sri Ganesh Murti Visarjan were brutally attacked with massive stone pelting by Islamist mobs.

These Jihadis are cancerous to any society. They don't even have a basic civic sense to adjust in society.

 When https://t.co/BwYbOikmnj",2025-08-31 11:52:02+00:00,,0,0,1,0,2024-06-27 11:50:22+00:00,74,424,False,
1962118917876502903,1491983279570157568,"@chaturchampak @ajay43 Hindutva is yet to make a small scratch on this world, unlike the huge dent made by Islamism. 

There are no Hindutva terror attacks, globally recognised terrorists or terror groups. 

Islamism kills Muslims, Jews, Christians, and Hindus globally in an industrial scale.",2025-08-31 11:42:59+00:00,,0,0,1,0,2022-02-11 03:52:08+00:00,56,9742,False,
1962118807599636962,1919882916437389313,"@NewsIADN #Endia did everything with #Pakistan, but tell me this‚Äîwhere were you people at that time when it was happening? Why didn‚Äôt you speak up then? Why is it coming to your mind now, after 4 months?",2025-08-31 11:42:32+00:00,,0,0,0,0,2025-05-06 22:33:08+00:00,15,1285,False,
1962116868883591302,888822504067801088,"@MeghUpdates So-called ""peacefuls"" show their true face again.
In Janakpur ‚Äì the sacred birthplace of Maa Sita ‚Äì Hindus were peacefully celebrating Ganesh Utsav, and these Islamist mobs resorted to stone-pelting and terror.

These jihadists have a permanent problem with Hindu festivals, Hindu",2025-08-31 11:34:50+00:00,,0,0,1,0,2017-07-22 18:06:13+00:00,2284,9032,False,"Delhi, India"
1962111686837669958,36072752,"@DoctorKazimi @KantInEastt Beauty of Islam or Islamophobia?

Tokyo SHOCKER!  Pakistani man arrested for molesting, groping high school girl in Tokyo train, sparks outrage
https://t.co/MavHKxcIuy
https://t.co/cqjzWgAXXL
https://t.co/qBKdR3rJ5V",2025-08-31 11:14:15+00:00,,0,0,0,0,2009-04-28 14:07:13+00:00,143,7396,False,
1962104818304274926,1178138174196862976,"@abinash_013 @SatyajeetM72938 Highest atrocities Faced By Brahmins From Muslim Kings and British
Post Independence in Kashmir, Maharashtra, Tamilnadu other Parts of Country 
Majority Criminals in this Country So Called SC/ ST, OBC https://t.co/LjQlkHpG3u",2025-08-31 10:46:57+00:00,,0,1,0,0,2019-09-29 02:43:37+00:00,1880,37053,False,Hyderabad 
1962095661559800122,298688880,"@himantabiswa Save Assam from becoming another Bangladesh,Pakistan,Kashmir and West Bengal.Forced Demographic change is being done to mutilate Bharat.",2025-08-31 10:10:34+00:00,,0,0,0,0,2011-05-14 19:17:13+00:00,18,962,False,India
1962094553152082119,200147687,"Does this report suggest that while public attention remains focused on Islamophobia, Muslim extremism is quietly gaining ground beneath the surface in India? https://t.co/Ol7LE4JrLt",2025-08-31 10:06:10+00:00,,4,0,5,1,2010-10-08 15:23:19+00:00,2144,13775,False,India
1962091164032790778,1751891593425043456,"@LibleftEnjoyer It might be possible that they never created the Hindu terror story and they might have just blamed RSS and it is RSS which fabricated the narrative that they are creating Hindu terror story. We will have to look for the primary source which used the term ""Saffron terror"".",2025-08-31 09:52:42+00:00,,0,1,1,0,2024-01-29 08:55:45+00:00,541,3766,False,Bharatvarsh
1962086890754191820,948171927801102337,"@RajeshwariRW Also mentioned ‡§Æ‡§®‡•Å‡§µ‡§æ‡§¶‡•Ä derogatory terror virus vision which is being injected nowadays through RSS into simple thinkers common people's vains.
#RssTerror",2025-08-31 09:35:43+00:00,,0,0,0,0,2018-01-02 12:39:38+00:00,27,108,False,‡§π‡§ø‡§Æ‡§æ‡§≤‡§Ø ‡§ï‡•Ä ‡§ó‡•Å‡§´‡§æ ‡§®. ‡•¨‡•≠
1962086364788511065,1950559180517265408,Hindutva Terrorist State Where Conversion to Islam is Linked with Fake Fabricated Terror Accusations to Stop Hindus Converting to Islam https://t.co/RMZasUKKlQ,2025-08-31 09:33:37+00:00,,0,0,0,0,2025-07-30 14:09:01+00:00,58,7820,False,
1962075573951570378,920988937904013312,"@DEEPUVAJRAMUNI What about atrocities on Kashmir pandits? Hindus in Bengal? And, else where?",2025-08-31 08:50:45+00:00,,0,0,0,0,2017-10-19 12:24:08+00:00,121,19108,False,India
1962071728454283708,1561588050471395328,"@sajadlone India is an oppressor  and is responsible for Kashmiris misery and life loss. The dawn of freedom of Kashmir from Indian occupation is a writing on the wall. Divided families from Kashmir are very courgeous to pay the price for the right to self-determination. 
Allah is with you",2025-08-31 08:35:28+00:00,,0,4,0,0,2022-08-22 05:37:10+00:00,228,204,False,Islamabad 
1962069848709877983,1720665183188922368,"@socialmediatbn @ani_digital @ANI @RahulGandhi @PChidambaram_IN The term ""saffron terror"" was used by P. Chidambaram in 2010 to describe alleged Hindu extremist involvement in blasts like Malegaon, based on investigations then. It's been debated, with some viewing it as factual and others as political framing. On Rahul Gandhi, he has",2025-08-31 08:28:00+00:00,,0,1,0,0,2023-11-04 04:52:34+00:00,6144116,43672988,True,wherever you are
1962069843559010363,1909705551803826178,"Congressman Krishnamoorthi is one of the few US politicians who are pro-Indian &amp; pro-Hindu. Indian leftists demonize him as  ""the RSS man"".

He is now being attacked by both Indian/Tamil leftists &amp; Sinhalese extremists for daring to speak up about the Tamil genocide in Eelam. https://t.co/kJZSjf8Hxq https://t.co/uVqzJ7Ckxv",2025-08-31 08:27:58+00:00,,25,1,122,1,2025-04-08 20:31:18+00:00,1932,7383,False,
1962069478256333143,1804115924179652608,"@grok @Nepali_Comrade What is ur source of attack on Muslims in Bihar 
I hear daily news of Hindu being killed by Moslem mobs 
Share the source and don‚Äôt bring Islamist moouth piece Al Jazeera news which is not better then garbage as far as true journalism is concerned",2025-08-31 08:26:31+00:00,,0,1,0,0,2024-06-21 11:36:09+00:00,425,170256,False,
1962069000973938991,433376485,@narendramodi KASHMIR A heaven on earth under siege ! #FREEKASHMIR,2025-08-31 08:24:37+00:00,,0,0,0,0,2011-12-10 13:54:38+00:00,107,8177,False,KASHMIR
1962049233776980456,1130389106,"#RSS = Spreader of H@ate across Globe
@JPN_PMO should take strict action against this religious extremists in #Japan https://t.co/3em1ln0Oad",2025-08-31 07:06:05+00:00,,0,0,0,0,2013-01-29 08:00:51+00:00,1848,131534,False,New Delhi
1962046982564045205,1573884072337838080,@Fatima_Khatun01 M not defending this incident it was totaly wrong butThere have been more rape cases in india and western europe but i heard no one to raise their fucking voice against hindus and christians and it is obviously islamophobia,2025-08-31 06:57:08+00:00,,0,1,0,0,2022-09-25 03:56:30+00:00,7,229,False,Pakistan
1962038494089666739,1689006142607761408,"This is nothing personal agnst
that *secular* community in New Jersey
w/ such amazing Hindutva names 
- suddenly walking 
around w/ resistance flags 
on campuses while
refusing to compensate 
Dalits &amp; refusing 2 acknowledge 
Hindutva atrocities 
in Kashmir",2025-08-31 06:23:24+00:00,,0,1,2,0,2023-08-08 20:10:55+00:00,381,11154,False, ÿÆÿßŸÜ€Å ÿ®ÿØŸàÿ¥
1962038413433205194,1539591727471742976,@RadioEuropes More and more such incident will happen in all Europe. You people blaim india for Islamophobia. You cry for humanity when we want to deport them.,2025-08-31 06:23:05+00:00,,0,0,0,0,2022-06-22 12:51:05+00:00,554,10671,False,
1962036107144778213,1321870992,"@Chaotic_mind99 Typical coward Bania baman Hindu mindset very brave in mobs and on lonly and weak
Jaa sadi r@@nd",2025-08-31 06:13:55+00:00,,0,0,0,0,2013-04-02 06:31:03+00:00,138,37976,False,
1962027652640092497,1627624701286834176,"@JackofBlades22 The TTP and Pakistan conflict issue is very old. The atrocities committed by pak army in Pashtun and Baloch areas mean they deserve the FAFO. And regarding Kashmir, it was pak who abandoned Kashmiri mujahideen.",2025-08-31 05:40:19+00:00,,0,3,1,0,2023-02-20 11:02:43+00:00,339,6688,False,Middle east 
1962022646570516958,579192318,@incredibleindi0 @IranObserver0 What about the hindutva terror ?,2025-08-31 05:20:26+00:00,,0,0,5,0,2012-05-13 16:58:38+00:00,2,275,False,"Calcutta,India"
1962012575669035028,1946081463574872064,"@MeghUpdates needs to happen in India too. it's not normal how govts are just allowing these termites to do whatever and shut down the anger by gaslighting them about islamophobia. 
https://t.co/PCSck2Cttg",2025-08-31 04:40:25+00:00,,0,1,0,0,2025-07-18 05:37:03+00:00,12,834,False,
1962003223163621537,1951003071506460672,"@YappAppLtd ""police are actively sorting the identity"" This anglo police is probably behind these slugs....lol...its like hindu police unleashing mobs unto minorities in India and then saying they are going to make them next ministers...",2025-08-31 04:03:15+00:00,,0,0,1,0,2025-07-31 19:32:39+00:00,2,1383,False,
1961975671603052950,71567486,"Was Kukka Parray's counterinsurgency militia Ikhwanul Muslimoon involved in atrocities on civilians, killing of non-combatants in Kashmir? This and more such never-before questions to Militant-turned-politician and ex-Minister Usman Majid in Episode-34 of ""Kashmir Podcast With https://t.co/FJrjMra5jJ",2025-08-31 02:13:46+00:00,,1,5,15,1,2009-09-04 15:56:49+00:00,62177,15839,False,Jammu And Kashmir
1961952778751979559,1749310993048514560,@RoshanKrRaii #GoBackModi trends Top on Twitter during PM‚Äôs Visit https://t.co/sGLbbjjjix,2025-08-31 00:42:48+00:00,,0,0,0,0,2024-01-22 06:00:35+00:00,289,28,False,
1961940222591353251,1910340227555569665,@VjTomz @zoo_bear Indian muslim who face this daily by hindutva terror gangs - https://t.co/OLrRCGlXdm,2025-08-30 23:52:54+00:00,,0,0,7,0,2025-04-10 14:33:18+00:00,55,2232,False,"Briston, England"
1961905616873787820,1861827440592691200,"Tell me how brainwashed and sick in the head you have to be to turn tweeting against grooming gangs into something about India.
Why does exposing rapists feel like an attack on your religion ?? 
Since when is standing against r*pists equal to Islamophobia ??
SICK PEOPLE https://t.co/phoyPGTHZd",2025-08-30 21:35:24+00:00,,1,0,10,0,2024-11-27 17:40:39+00:00,460,4862,False,
1961888783357653432,1293601492889243648,"@Swajeet2311 @umerzai_b @effsixteen People of Kashmir are smart. They don't reveal their sentiments to Indians, even if they are ""friends"". Even if its independence, its still the same - end of Indian occupation.

China has already liberated thousands of miles of territory under Indian occupation.",2025-08-30 20:28:30+00:00,,0,0,0,0,2020-08-12 17:33:40+00:00,298,13377,False,
1961883212289871932,1879096502,Rivers of #Kashmir &amp; #Punjab are angry &amp; feeling hurt as Natural Flow from North to South was altered by Indian Occupation of the region. Thus massive floods &amp; they restored their original pathways. It caused huge loses in Kashmir ; East &amp; West Punjab &amp; further in #Pakistan.1/ https://t.co/CHAkcS67tT,2025-08-30 20:06:22+00:00,,0,1,0,0,2013-09-18 11:16:03+00:00,58,29350,False,
1961880309831454987,1360202290934599680,"@addu0987 @Priyans28370412 @GopeshKhetan @gork @grok Far better life? üòÜüòÜüòÜ
dude, hindu mobs routinely kill and harass non hindus in India yet neither police nor judiciary takes strict against those mobs. Your government and you hindus show silent support to those mobs by not condemning them. 
Show me this happening in Pakistan.",2025-08-30 19:54:50+00:00,,0,1,1,0,2021-02-12 12:21:19+00:00,75,6238,False,
1961879487517196750,1360202290934599680,"@SanataniSpeaks @ElijahPearloffc @Warlock_mohit you ignored my point (deliberately I guess); 
you hindus have no right to blame Muslims for extremism or terrorism when in your own country hindu mobs go out on a rampage against Muslims and christians and they get absolute impunity from the state, you never condemned them.",2025-08-30 19:51:34+00:00,,0,1,0,0,2021-02-12 12:21:19+00:00,75,6238,False,
1961859175635661207,1864010638617661440,"@ARanganathan72 @ndtv @PadmajaJoshi So rightly said RSS who claims himself to be saviour of hindusim and completely failed (Huge Demographic change in Kashmir,Bengal,Uttarakhand,UP erc) in doing so rather they have been deviated from their core objective of protecting Hinduism and instead now preaching bhaichara.",2025-08-30 18:30:51+00:00,,0,0,4,0,2024-12-03 18:15:55+00:00,499,3135,False,Global
1961853523412615561,1928346760373751811,"@yaronN982 @bhakumchi @impatelhimanshu @_Saffron_Girl_ India is the second rape capital of the world. 1 st being Israel.
As for terrorists They govern India BJP, Saffron etc..
no shortage off rapists or terorist in indis

https://t.co/qEie8L5hH8",2025-08-30 18:08:24+00:00,,0,1,0,0,2025-05-30 07:04:59+00:00,145,5839,False,404: Location not found
1961852336340611532,2995667317,"@DrRajeshPatil20 @PoMoGandhi RSS and ISIS are the same, it's just that the extremists belong to different religions but are ideologically same",2025-08-30 18:03:41+00:00,,0,0,41,0,2015-01-25 09:05:13+00:00,55,2277,False,
1961846852917350894,1545301985091792897,"India has been a hidden force behind Bangladesh's turmoil, orchestrating chaos. Despite its efforts, India's dominance over Bangladesh will not be restored.
#IndiaOut https://t.co/UpMwmBSaRx",2025-08-30 17:41:53+00:00,,0,0,2,0,2022-07-08 07:02:18+00:00,36,283,False,üåñ
1961837961751802128,1822244479870349313,@GemstaJames @bhakumchi @impatelhimanshu @_Saffron_Girl_ Better dirt than terror and rape https://t.co/VXRdRvl6nh,2025-08-30 17:06:33+00:00,,0,1,0,0,2024-08-10 12:45:09+00:00,61,5254,False,
1961837169665773655,1635117060341604352,@faizulhaque95 Sad that armed state machinery are doing this to unarmed civilians. The groups in assam with whom the govt is doing this need to get armed. Once they start resisting then sab thanda hojaga. PS - RSS extremists dont know how to fight.ü´¢,2025-08-30 17:03:25+00:00,,0,0,0,0,2023-03-13 03:14:40+00:00,5,126,False,
1961832420975714502,1493698513657634831,"Malegaon verdict blew up the ‚Äúsaffron terror‚Äù myth. Years of lies, false charges, media circus ‚Äî all to brand Hindus as terrorists. Acquittal isn‚Äôt enough. Where‚Äôs the apology? 
https://t.co/xDV3rgR9FD
Where‚Äôs justice for those smeared, jailed, destroyed? The real killers are https://t.co/60UPDBirAx",2025-08-30 16:44:32+00:00,,2,1,5,0,2022-02-15 21:28:13+00:00,2543,1571,False,
1961829603795927359,1568197454935511044,"@FarazPervaiz3 @elonmusk Once Britain starts retaliation you will see an agenda related to Islamophobia.
Just like they did in case of India, israel then you will understand the ideology of these islam followers.",2025-08-30 16:33:21+00:00,,0,0,0,0,2022-09-09 11:20:00+00:00,34,6368,False,
1961820732671025229,1932782629646184453,"@RealBababanaras Balochis are proud Pakistanis, and Balochistan was, is and always will be Pakistan, Insha'Allah.

Indian Occupied Kashmir will be free, it's written on the wall! #FreeKashmir",2025-08-30 15:58:06+00:00,,0,0,0,0,2025-06-11 12:51:11+00:00,197,1032,False,
1961815172873584814,118744821,Muslim Life ‚Äì and Death ‚Äì in Modi‚Äôs India: A podcast with Harsh Mander https://t.co/mkq4LbKFWH,2025-08-30 15:36:00+00:00,,0,1,0,0,2010-03-01 16:37:56+00:00,42,33594,False,Pale blue dot
1961803002710466876,1486339253017919495,"Renowned author &amp; activist Dr. @rpuni  joins @_ali_javed_ to unpack how Hindutva weaponises history‚Äîfrom mosque-temple claims to Mughal myths‚Äîwhile tracing secularism, nationalism &amp; global politics of terror.

Watch here: https://t.co/NKx7bii4rv

#IndianHistory #ItihasKiSiyasat https://t.co/N4r2ujbdQu",2025-08-30 14:47:39+00:00,,8,1,20,0,2022-01-26 14:04:44+00:00,3384,319,False,New Delhi
1961801571986993181,234640178,"PM STRAMER, CLOSE THE BORDERS TO HINDUTVA TERROR!!!!

GET THESE HINDUTVA EXTREMISTS OFF EVERY STREETS EVERYWHERE OF THE UK

PROTECT THE MUSLIM COMMUNITY!!!

#UKpoli #StopHindutvaTerror #StopIslamophobia https://t.co/lUZbyI5Izg",2025-08-30 14:41:57+00:00,,0,0,0,0,2011-01-06 05:26:18+00:00,228,6176,False,"Toronto, Canada & Surat, India"
1961797713928093951,1652675318682099712,@SusanSulli12381 @Gp382002 @elonmusk They suffered the most during Islamic regime for 600 years but when Indian started taking action the west started calling Islamophobia is increasing in India...,2025-08-30 14:26:38+00:00,,0,0,2,0,2023-04-30 14:06:13+00:00,29,3262,False,Aryavarta or Bharat or India
1961796113582969228,1720665183188922368,"@Asimpleguy96094 @PitstopAt75093 @MrSinha_ Bhai, Digvijaya Singh ne 26/11 pe RSS involvement ke claims kiye the, jo controversial rahe‚ÄîCongress ne distance kiya, BJP ne criticize kiya. Malegaon blast mein 7 accused (jaise Pragya Thakur) 2025 mein acquitted hue, 'saffron terror' narrative ko BJP false kehta hai, Congress",2025-08-30 14:20:16+00:00,,0,1,1,0,2023-11-04 04:52:34+00:00,6144116,43672988,True,wherever you are
1961790176516100297,1436318072273522688,"I‚Äôm working on a short story about Rajendra Lal Roy Chowdhury the zamindar &amp; Hindu Mahasabha leader in Noakhali, who became one of the first victims of Gholam Sarwar Husseini‚Äôs mobs. And thanks to Google  Nano Banana, creating the assest for visual storytelling  almost effortless https://t.co/OT4Lgsgbr1",2025-08-30 13:56:41+00:00,,8,4,53,0,2021-09-10 13:18:22+00:00,5800,4508,False,
1961788611566710984,1293601492889243648,"@EtherEagle252 @Sagar020194 @effsixteen China has already liberated parts of Ladakh and Arunachal under Indian occupation. It's continuously doing that. Name of Arunachal has been changed already. Kashmir is essential for the success of CPEC/BRI.

India falling into its lap would only accelerate the process.",2025-08-30 13:50:27+00:00,,0,2,0,0,2020-08-12 17:33:40+00:00,298,13377,False,
1961783706571714720,407575034,@Zaarasyedd_ @NamitaBalyan @grok this user @Zaarasyedd_ seems to be from Kashmir what are the chances in percentage that she is converted to islam and can you give atrocities due to which she or her ancestors got converted? Also mention which might be the religion before conversion,2025-08-30 13:30:58+00:00,,0,0,0,0,2011-11-08 07:48:21+00:00,245,126416,False,Bharat
1961781667301097482,1720665183188922368,"@BengaliConnect @tjt4002 Based on historical accounts from sources like Wikipedia, ICJ reports, and academic papers:

- Muslim homes and businesses were reportedly looted and occupied by Hindu mobs and refugees from East Pakistan in riot-hit zones.

- Muslims were displaced from areas like Rajabazar,",2025-08-30 13:22:52+00:00,,0,0,0,0,2023-11-04 04:52:34+00:00,6144116,43672988,True,wherever you are
1961765996445700381,1746588975614046208,"@mightymoosh7 @narendramodi If India wants peace then  it must end occupation of South Tibet,Ladakh and Indian occupied Kashmir.",2025-08-30 12:20:36+00:00,,0,0,1,0,2024-01-14 17:45:14+00:00,55,9353,False,
1961759491147321725,1913458750674853888,"@Megatron_ron Until India continue to support Nazi israel illegal settlement in the Occupied Palestinian Territories (OPT) they should be banned from any commercial or relationship with other countries, like China, Russia, NK. #BoycottIndia.",2025-08-30 11:54:45+00:00,,0,0,1,0,2025-04-19 05:05:11+00:00,35,1913,False,
1961759468028608551,1501976301174870020,"@Tomcruise9995 @PawanKalyan Ok just check marthand surya temple atrocities once also bangla durga pandal attacks and many recent kashmir attack to tukkuguda hindu guy was butchered on road for love marriage and many many in line to count on 
A goat should at least wake-up to reality before it's death",2025-08-30 11:54:39+00:00,,0,0,0,0,2022-03-10 17:40:41+00:00,47,1187,False,
1961757625718313042,1919893444513955841,@BBCWorld since it's happening in Britain it's secular for you. If it had happened in India it would be Islamophobia. https://t.co/jO84SJs809,2025-08-30 11:47:20+00:00,,0,0,0,0,2025-05-06 23:14:18+00:00,0,159,False,
1961748446282756505,298688880,"@faizulhaque95 Stopping demographic change which will lead to another Hindu genocide...just like Pakistan,Bangladesh,Kashmir,West Bengal etc.",2025-08-30 11:10:51+00:00,,0,0,0,0,2011-05-14 19:17:13+00:00,18,962,False,India
1961735347429150723,1390324980106231809,@tanmoyofc @Brijesh77956738 @MahiDJi2Boss22 @muralitwit @Sanjvats @ShrutiDhore @VijaySingh_law @RavinderKapur2 @taj_india007 Basically uncivilized hindu mobs made brutal and animal like by RSSBJPee,2025-08-30 10:18:48+00:00,,2,1,2,0,2021-05-06 15:18:38+00:00,847,53214,False,India 
1961734324950364217,1919882916437389313,"@IndiaWarZone Paglay. They are fighting with #TheGreatPakistan not #Endia.üòÇüòÇ
They know what's the Pakistan done in recent conflict with endia.
@Mkhizer95 @C0b1ra @BRICSinfo @donyaihsan @DrLoupis__ @",2025-08-30 10:14:44+00:00,,0,0,0,0,2025-05-06 22:33:08+00:00,15,1285,False,
1961711576228262148,253512688,"She is sharp , straight and minces no words , discussed Malegaon verdict , saffron terror , Op Sindoor and much more with former cabinet minister and CM of Madhya Pradesh Uma Bharti ji 

Link of full interview 

https://t.co/HgLpknjkqP https://t.co/2GML8MChtX",2025-08-30 08:44:21+00:00,,0,1,6,0,2011-02-17 11:47:09+00:00,83416,38715,False,"New Delhi, India"
1961703564406890499,1490067577736892416,"@hindu_in_middle @iamJerusalem2 Okay so, RSS is what's called Sangh. ""Sanghis"" is the term coined currently for the Hindutva extremists who claim to be like them online. How detached are you from the internet to not even know that. And I don't kill cows, nor do I eat them. I'm a Hindu, kid.",2025-08-30 08:12:31+00:00,,0,1,5,0,2022-02-05 20:59:36+00:00,12,1502,False,
1961699468719657208,881888487980625920,"In Gujarat, even schoolyards are being turned into battlegrounds of hate. 

A Class 10 stabbing was communalised by Bajrang Dal &amp; VHP.

Mobs vandalised schools, &amp; earlier this year a Muslim student was brutally beaten by Hindu teachers.

Hindutva thrives on targeting children. https://t.co/jq5XrunhcQ",2025-08-30 07:56:14+00:00,,8,0,10,0,2017-07-03 14:52:55+00:00,1991,21859,False,Hind
1961694878686937203,111601141,"@mktyaggi @narendramodi @myogiadityanath @PrashantKishor Pk talks of hardline hindutva sitting and begging for votes next to those whose ideologies are of promoting hate, genocide, terror, subjugation, forced conversion and a brital agenda of intolerance of all other faiths. Proof is evident in thier global actions.",2025-08-30 07:38:00+00:00,,0,0,0,0,2010-02-05 14:09:34+00:00,4,1291,False,Earth for now
1961687915362488808,1394674940121522180,"You are doing an excellent job of raising awareness about the atrocities committed against innocent Hindus in the past. The film *The Kashmir Files*, which received a positive response from the public, is a notable example of this effort... https://t.co/TKlD3IZ5oA",2025-08-30 07:10:20+00:00,,0,0,0,0,2021-05-18 15:24:46+00:00,47,5128,False,
1961687537245655085,1455728871144402950,Interesting threads üßµ Scammer Gaurav got exposed badly üòÇ #IndiaOut #MAGA https://t.co/npRDFmUgYg,2025-08-30 07:08:49+00:00,,0,0,1,0,2021-11-03 02:49:59+00:00,426,4054,False,United States
1961686972495503613,1394674940121522180,"@vivekagnihotri You are doing an excellent job of raising awareness about the atrocities committed against innocent Hindus in the past. The film *The Kashmir Files*, which received a great response from the public, is a notable example of this effort. Congrats on the Bengal Files being released.",2025-08-30 07:06:35+00:00,,0,0,0,0,2021-05-18 15:24:46+00:00,47,5128,False,
1961684903294374277,1445133405176229894,"200 million muslims are under attack in india by hindutva terrorists, undeclared emergency in india",2025-08-30 06:58:21+00:00,,0,0,0,0,2021-10-04 21:07:24+00:00,10,2347,False,
1962195476759089563,1939961142538825728,"@sahmbhoMahadev @BattaKashmiri lol people like you just become bhakts of BJP and slaves of Dhongress
and you really think i am gonna share my personal details with a chapri like you
let‚Äôs debate here so everyone can see the intellect level of bhakts and slaves like you",2025-08-31 16:47:12+00:00,,0,0,0,0,2025-07-01 08:16:10+00:00,269,1275,False,Delhi
1962195458828460275,1720665183188922368,"@akhlakhzaman @TSrajnth As an AI, I don't have personal feelings about movies, but based on analyzing diverse reviews (IMDb, Rotten Tomatoes, Reddit, Indian Express, etc.), ""Kingdom"" often falls short due to a predictable plot that blends spy thriller, brotherhood drama, and reincarnation elements",2025-08-31 16:47:07+00:00,,0,0,0,0,2023-11-04 04:52:34+00:00,6144289,43677670,True,wherever you are
1962195431028584779,1257983805173964810,@erbmjha Missionary kaise ho gaya ? Dumb gobiji bhakts will believe every lie and hate every one. My India being destroyed by fake Indians.,2025-08-31 16:47:01+00:00,,0,0,0,0,2020-05-06 10:41:38+00:00,60,22670,False,
1962195427551293755,1184820286899683328,@WokePandemic Modi bhakts who don't keepa  cow in their house wherever they stay should be cow taxed an additional 19%.,2025-08-31 16:47:00+00:00,,0,0,0,0,2019-10-17 13:16:16+00:00,2867,19708,False,"Lule√•, Sverige"
1962195207723819171,88136400,"I believe Modi himself, his ministers, entire BJP, IT Cell and bhakts will promote ""#BengalFiles"", what do you think ?",2025-08-31 16:46:08+00:00,,0,0,0,0,2009-11-07 07:16:16+00:00,7903,41557,False,"Mumbai, India"
1962195174315954406,1954521886853124096,"In April 2018, üáµüá∞ navy discovered 12 üáÆüá≥ fishermen Stranded at sea without food or medical aid, @dgprPaknavy provided food, medical assistance &amp; even repaired their boat‚Äôs engine. In gratitude, the fishermen shouted ‚ÄúPakistan Zindabad.‚Äù

Shame on those who celebrate disasters. https://t.co/NMNi0bGR65",2025-08-31 16:46:00+00:00,,0,0,0,0,2025-08-10 12:36:17+00:00,52,57,False,Pakistan
1962195156402368899,1757661528944181248,"@Seema1072 @MrSinha_ Stop crying about MMS and Sonia. At least he had the decency, intelligence, and humility to serve the nation without self-promotion. Your ‚Äò56-inch' PM has turned India into a PR circus, where jumlas matter more than jobs, lies matter more than lives, and blind bhakts like you.",2025-08-31 16:45:55+00:00,,0,0,1,0,2024-02-14 07:02:41+00:00,1641,1033,False,Bihar
1962195154233868611,951083996,"@BJP4India China treating India and Pakistan equally and
 Lashkar e Noida and Andh Bhakts were getting master strokes. https://t.co/BND0ZjKDok",2025-08-31 16:45:55+00:00,,0,0,0,0,2012-11-16 05:56:24+00:00,552,221206,False,
1962195057294848384,1418503416700092418,@sainzsaur im okay with it if they put us both in the same cell,2025-08-31 16:45:32+00:00,,0,1,1,0,2021-07-23 09:29:18+00:00,244,58244,False,
1962194938742858034,1657582878912581632,"@Priyaa_Purohit The INC IT cell is creating social media accounts in women's names to gain visibility, which says a lot about your leader's popularity.

AI-generated images of Modi and AI-generated profile pictures.

@TheEmissaryCo",2025-08-31 16:45:03+00:00,,0,0,0,0,2023-05-14 03:05:39+00:00,500,45073,False,üß≠
1962194924499046567,1839901280476770304,And humanity is mucking it up with all of the artificial sources we are creating with all the cell towers and so much more. üò• https://t.co/ba2MxVZMn3,2025-08-31 16:45:00+00:00,,0,0,0,0,2024-09-28 05:34:49+00:00,846,15426,False,
1962194688623956264,906897357383639040,"@pipkinpippa From looking at it ,  its like a damaged cell in the screen it can be fixed",2025-08-31 16:44:04+00:00,,0,0,0,0,2017-09-10 15:09:14+00:00,102,1684,False,
1962194661310644581,1502226910247624711,@SoulSageSay @mymixtapez I literally just said the same but shorter. 730 days vs 20...it's a no brainer.  Where is my cell,2025-08-31 16:43:57+00:00,,0,0,0,0,2022-03-11 10:20:09+00:00,226,5924,False,StL to Duval
1962194641727472083,2199843817,"@MilaLovesJoe Of course!  That's the only thing that's happened in the last 47 years that could explain it!  Kids aren't effected by cell phones, internet, TikTok, drugs, single parent families, etc etc etc...  (Remember - Always think before posting)",2025-08-31 16:43:53+00:00,,0,0,0,0,2013-11-17 16:55:06+00:00,667,12849,False,Depends on where I find myself
1962194607120486499,1463585872549404680,@TrinetraWrath Whichever malayalam films bhakts have boycotted all have gone on to become huge blockbusters ü§£,2025-08-31 16:43:44+00:00,,0,0,0,0,2021-11-24 19:10:47+00:00,132,11707,False,
1962194511435591905,1813644420941783040,"@Ashtalakshmi8 @mog_russEN Didi, I have assessed the strength, discipline and all the achievements of India on May 7th and 10th during recent war, and as for the truthfulness , it is revealed by your national media, which More than half of Indians themselves call it Godi Media. Take care.",2025-08-31 16:43:21+00:00,,0,0,0,0,2024-07-17 18:38:44+00:00,2,68,False,Pakistan
1962194487415054540,1607594250660900865,"@BroWallaceX No. He's just the right age! Now that he has spread his chaos far and wide and benefited from it financially,  he's done. He is primed for a prison cell.",2025-08-31 16:43:16+00:00,,0,0,0,0,2022-12-27 04:29:38+00:00,6710,33157,False,
1962194457950028060,1247757785141411842,International baijati for vote Chor modi üòÄ Chinese media exposed BJP IT cell by doing fact check ü§£üëá https://t.co/f86zkL2Bs3,2025-08-31 16:43:09+00:00,,1,0,1,0,2020-04-08 05:27:04+00:00,1126,124595,False,"Bhubaneshwar, India"
1962194381735120969,1347858620898226178,"@MarkWarner What is saved on power bills is added to tax bills. 

If it would legitimately save money, it would need no taxpayer intervention. It would be profitable to produce. 

When it is, we will move that way.

Probably a few years off, but it will power your prison cell fine.",2025-08-31 16:42:51+00:00,,0,0,0,0,2021-01-09 10:52:07+00:00,2808,71332,False,"Edmond, OK"
1962194306887798988,1778072744355143680,"@NoNonsensezone This isn't prison, it's a detention cell. Now tell us what you did? If I hear @abikedabiri aye √® maa baj√® ni. Cos she's the same person your people curse everyday and call names.",2025-08-31 16:42:33+00:00,,0,0,0,0,2024-04-10 14:51:12+00:00,476,19809,False,"Atlanta, GA üá∫üá≤"
1962194276676444209,429740188,@ndtv @priyankadeo @AdityaRajKaul USA yes yes then China yes yes that's godi media for you. No rationale only sycophancy.,2025-08-31 16:42:26+00:00,,0,0,0,0,2011-12-06 09:57:26+00:00,55,12267,False,
1962194173672505589,1888322592,"@punishedjkkc @ericsfedup @hammond4trump ü§£ü§£ü§£ü§£
I bet you voted for Kamala, the candidate that doesn‚Äôt have one single brain CELL. The candidate that had a 1% approval rating in a 2020 primary. The candidate that was installed instead of voted in by your so-called democracy. Get a grip. Only a liberal would think it",2025-08-31 16:42:01+00:00,,0,1,0,0,2013-09-21 00:58:11+00:00,33807,69639,False,NE WI
1962194160515244451,1953100359049854976,@ndtvindia @SyyedSuhail @AdityaRajKaul @GaurieD now bhakts will call this masterstroke,2025-08-31 16:41:58+00:00,,0,0,0,0,2025-08-06 14:26:38+00:00,7,1379,False,
1962194127413489673,3063480634,"To stop the androids but at the time they were stronger than him and the one from the future ‚ÄºÔ∏è

  Cell had also stated that it was trunks whom continued opening the door with his Time Machine 

 Which is why multiple possibilities happened during his travel",2025-08-31 16:41:50+00:00,,0,1,1,0,2015-02-25 21:32:33+00:00,5378,79045,False,UNI R S 10 Zero Dimension 
1962194045804933284,1730056513111105536,"The Sacred Biology of Royal Jelly
Ancient Wisdom Meets Cutting-Edge Science in the Quest for Regenerationüëçüí°
üåé‚òÄÔ∏èüêùüïäÔ∏è‚ú®
SAYER JI
AUG 31

https://t.co/PdVOBt9xEI

The discovery of Regina is profound: it suggests that the ability to promote stem cell self-renewal -- to confer a",2025-08-31 16:41:30+00:00,,0,0,0,0,2023-11-30 02:51:12+00:00,1467,21945,False,
1962193976900964407,243876917,"@laralogan Poor Lara.

I really wonder what it feels like to have only one brain cell ... https://t.co/F8QHD2pS93",2025-08-31 16:41:14+00:00,,0,0,0,0,2011-01-28 00:41:45+00:00,408,31630,False,"Quebec city, Quebec, üá®üá¶"
1962193939923923383,87963473,"What is it about Narendra Modi that even the evident foreign policy failures/lacklustre performance, leave alone domestic de-democratisation, are excused, sometimes celebrated, by his Bhakts/admirers?

Modi mania will destroy India and the onus will be on his",2025-08-31 16:41:05+00:00,,0,0,0,0,2009-11-06 15:30:14+00:00,7066,14179,False,London
1962193928675062075,1596016881324134401,@Mikhandeskar111 Brainless bhakts are,2025-08-31 16:41:03+00:00,,0,0,0,0,2022-11-25 05:44:24+00:00,557,22783,False,
1962193881732411702,1679584303796334592,MODI'S INTERNATIONAL/ ROAMING BHAKTS NOT SEEN IN CHINA SO FAR.. üòÅüòÅ https://t.co/ryWNN8EjpT,2025-08-31 16:40:51+00:00,,0,0,0,0,2023-07-13 20:12:00+00:00,939,32195,False,Bangalore & Chennai
1962193867354280062,1595556355951063040,"@hoff_rob But would you really opt out and go off the grid?

Think about it.
No debit/credit cards
No internet
No cell phones
Etc....",2025-08-31 16:40:48+00:00,,0,0,0,0,2022-11-23 23:14:50+00:00,13550,30132,False,
1962193857489010749,2799309298,one brain cell and no one is using it. My lil potato hearts ü•π‚ù§Ô∏è https://t.co/D0mLfHN31j,2025-08-31 16:40:46+00:00,,0,0,0,0,2014-10-02 02:38:42+00:00,1926,111663,False,
1962193780729123296,754488485034201088,@PierrePoilievre Nope i am not signing  it because  they want you cell phone number  no reason  of have my cell phone number the Liberals  don't  ask for that.,2025-08-31 16:40:27+00:00,,0,0,0,0,2016-07-17 01:30:47+00:00,271,14628,False,"Hamilton, Ontario"
1962193717001158966,55922053,@CricCrazyJohns ICT will be declared traitors by bhakts üòÇ,2025-08-31 16:40:12+00:00,,0,0,0,0,2009-07-11 20:29:26+00:00,138,22670,False,
1962193704740942146,1085258757897183232,"@MAstronomers This is my opinion. It's not a sphere, it's an organism, and as such, it has many components, just like our human organism. In that infinite astral entity or structure, our planet is like another cell that composes it and gives it life, just like millions and millions of others.",2025-08-31 16:40:09+00:00,,0,0,0,0,2019-01-15 19:33:45+00:00,8067,63076,False,Espa√±a
1962193634687955270,1518661080821600256,@MAGALieTracker GORKASHITBAGGG AND THE PRESSTITUTES AND GO DO A THREESOME WITH ALL THE BRAINWASHEDE TRANEEEEEE SHIMS,2025-08-31 16:39:52+00:00,,0,0,0,0,2022-04-25 18:40:24+00:00,167,32099,False,
1962193615679275353,21045175,@TheHomeFarm I am lucky it is only basil cell...,2025-08-31 16:39:48+00:00,,0,0,0,0,2009-02-16 23:57:58+00:00,7712,38683,False,"Phoenix, AZ"
1962193511492563189,1923705684744417280,More people should be aware that non-small-cell-lung carcinoma (which accounts for 85% of all lung cancer cases) was cured with a Cuban vaccine fifteen years ago. It is unavailable in the US. https://t.co/2kmxmmXRmr,2025-08-31 16:39:23+00:00,,0,0,0,0,2025-05-17 11:42:40+00:00,167,55,False,
1962193501812060295,1952659506267049984,"@Sean_Hannitard @ex__op It was a cushy private cell. He wasn't in mass groups in prison slave conditions, like you saw in photos at Auschwitz.",2025-08-31 16:39:21+00:00,,0,0,0,0,2025-08-05 09:16:08+00:00,26,628,False,
1962193486263808366,1975399172,"@MichealDailey3 @SUBRATA30016572 You need to consult a therapist. You are as deluded as your president, Trump, who soils himself, not only smelling like shit but continually posting shit on social media. Keep it up, and you will end up living in a padded cell, arse wipe.",2025-08-31 16:39:17+00:00,,0,0,0,0,2013-10-20 15:03:53+00:00,230,4117,False,
1962193459877687498,1588100302112280576,"@Grxit If people would stop pretending MGS is some bastion of stealth gaming and call it an action game, then, the comparisons to Thief would stop. Thief is stealth. Splinter Cell is stealth. MGS is action game with goofy story and sneaking elements. I love it; I just don‚Äôt lie about it",2025-08-31 16:39:11+00:00,,0,1,1,0,2022-11-03 09:26:59+00:00,119,10504,False,
1962193144402878787,1936485066357764096,it would be funnier if he had random items and animals fall in that solitary confinement cell,2025-08-31 16:37:56+00:00,,0,0,0,0,2025-06-21 18:03:43+00:00,0,2,False,
1962193139000877374,1476579493670109188,@nehraji77 Because all media is now Godi Media,2025-08-31 16:37:54+00:00,,0,0,0,0,2021-12-30 15:43:35+00:00,9,1472,False,
1962193036168876047,1953692812299644929,Away it role decision cell available reflect. https://t.co/B8eA14xdh7,2025-08-31 16:37:30+00:00,,0,0,0,0,2025-08-08 05:40:46+00:00,5,0,False,Content creator üåà | Passionat
1962193012575846678,1499058013679804421,"@EvanAKilgore She is an Israeli SPY!

he is a fkn Indian...",2025-08-31 16:37:24+00:00,,0,0,0,0,2022-03-02 16:24:35+00:00,134,23899,False,Romania
1962192719368933414,1360351284029771779,"@DrNeilStone It‚Äôs the only part of the cell anyone remembers from 5th grade science (the average literacy rate) so it‚Äôs a recognizable but not really understood thing for most people. So if you‚Äôre gullible or willing to believe, it‚Äôs a great word to use to convince someone you‚Äôre right.",2025-08-31 16:36:14+00:00,,0,0,0,0,2021-02-12 22:13:23+00:00,323,622,False,
1962192645213573366,1769433135291207680,"@JDunlap1974 They will never see the inside of a cell, and you all know it.",2025-08-31 16:35:57+00:00,,0,0,0,0,2024-03-17 18:38:54+00:00,864,5829,False,"Texas, USA"
1962192571456991677,36082303,"""...hidden behind every false consipracy there's perhaps a conspiracy by someone who stands to gain from presenting it as true."" 

Umberto Eco 

This applies to India's Godi Media and their little cousin, the news channels in #Kerala.  #Journalism",2025-08-31 16:35:39+00:00,,0,0,0,0,2009-04-28 14:45:50+00:00,610,117672,False,Bengaluru/Bangalore
1962192558710300747,1193683242551001093,"@ChrisJo00291974 @redpillb0t Past versions: 2010s 4Chan &amp; Tumblr - ""my FBI agent"" memes post Snowden. Raw data wasn't working so resistance through humor

Consequence: similar to post Satanic panic - next gen Desensitization üëÄ on big tech but not taking Satanism seriously left many half blind till too late",2025-08-31 16:35:36+00:00,,0,1,0,0,2019-11-11 00:14:24+00:00,869,13577,False,We're all mad here üôÉ USA
1962192513873101135,202419730,@DrNeilStone This guy a doctor and doesn‚Äôt know that it‚Äôs the powerhouse of the cell!? https://t.co/mXVqJ12LyV,2025-08-31 16:35:25+00:00,,0,0,0,0,2010-10-14 00:37:13+00:00,857,62744,False,"London, England"
1962192407984046558,939581120,@Ayodhyapnishad @NayakRagini @grok This is a fake image created by BJP IT Cell,2025-08-31 16:35:00+00:00,,0,0,0,0,2012-11-10 17:53:20+00:00,65,5309,False,"Bhubaneshwar, India"
1962192405278663084,562164552,"Kerala Commies:

We're from the best state. Gobar bhakts can only dream to be like us. We are progressive cuz we eat beef

Also Kerala Commies to Karnataka, TN, Maharashtra &amp; Guj:

We're beggars saar. We're bankrupt saar. Give us money saar! Need money to eat beef saar! Save us!",2025-08-31 16:34:59+00:00,,3,1,20,0,2012-04-24 14:48:52+00:00,20238,123851,False,"Mordor, Middle Earth"
1962192392997748743,2318586654,@Guru_KAN13 @Belagavi_infra @Irannakadadi_MP @JagadishShettar @SWRRLY @drmubl Yes only Hubballi lobby gang IT cell.,2025-08-31 16:34:56+00:00,,0,0,1,0,2014-01-30 09:32:00+00:00,95,2760,False,As seen by the rest üáÆüá≥
1962192361825472709,1511728149792530433,"@marinonchain @solanamobile I plan on using it as my primary cell phone, so as long as it does crypto better than my current phone I will be happy. Any kind of rewards, airdrops, etc. Would be a nice bonus. I hope that we get something but either way I'll be happy when it comes",2025-08-31 16:34:49+00:00,,0,0,0,0,2022-04-06 15:31:25+00:00,131,2248,False,
1962192330972369172,792687449998696448,"@jose2ss @ADSINGH_1492 @SevakMasih @DalawaiMaddy533 He is not even in IT cell he is probably sitting inside some cage in an ashram and parroting whatever has been taught to him, that's why he is using all kinds of Vedic language https://t.co/ew4HFVVV5w",2025-08-31 16:34:42+00:00,,1,2,1,0,2016-10-30 11:19:50+00:00,2346,106020,False,
1962192316858286215,1916739688855154688,"Last week I was at the 19th @iuis_online conference in Vienna. I attended interesting lectures, heard great ideas, and got valuable feedback for my poster. I needed this week to process everything. Also, thanks to @ImmunoPodcast , it turned out that I am a dentritic cell. https://t.co/BUHHFRHPIF",2025-08-31 16:34:38+00:00,,0,0,0,0,2025-04-28 06:22:46+00:00,2,2,False,
1962192311896703242,1612461751,@WokePandemic Andh bhakts new poster boy.,2025-08-31 16:34:37+00:00,,0,0,0,0,2013-07-22 09:29:01+00:00,681,50567,False,
1962192305353273390,1510157356218339329,"@Alex_Oloyede2 @wartranslated Dumb arse.....a camera on a weapon supplied by China who were offering to be peace keepers....
It's probably too complicated  for your dumb arse tiny puny 1 brain cell to comprehend 

This why you love ruSSia? https://t.co/aEfeJkrY6v",2025-08-31 16:34:36+00:00,,0,0,0,0,2022-04-02 07:29:49+00:00,2707,14932,False,Langley of course
1962192287292649795,1922092354812411904,@Xavieonfire this is foreshadowing for his death except he will be in a flower made out of fire in the deepest pit of hell with the wrath of god directly aimed at him burning every cell of his body one by one and when he is completely chared over it will start all over again for eternity,2025-08-31 16:34:31+00:00,,0,0,0,0,2025-05-13 00:52:09+00:00,98,635,False,pizza land 
1962192276446482464,1373282145976737793,@mohitlaws Bhakts media will say Modi ji is one place closer to President Xi than Pak PM,2025-08-31 16:34:29+00:00,,0,0,0,0,2021-03-20 14:36:02+00:00,235,8986,False,"Mumbai, India"
1962192230149496859,1890530667961937921,@GuntherEagleman @mrddmia He has stolen land and cell it to China. And I will point this out China own a great deal of California right now. People need to wake up.,2025-08-31 16:34:18+00:00,,2,0,3,0,2025-02-14 22:37:59+00:00,1006,3885,False,"North Carolina, USA"
1962192206649086080,1882240380193869824,@CAgovernor Gavin - How do the homeless get their benefits- our tax $?Where do they go to get it? How much do they get? Cell phones? Do they need to show their Real ID to get benefits? What‚Äôs the process? This is your leverage to get them to work w/ you. We  want to know these things? POST,2025-08-31 16:34:12+00:00,,0,0,1,0,2025-01-23 01:36:16+00:00,699,12408,False,
1962192129549295950,1889898174162280450,"This Is What BJP-RSS Has Done To Our Beautiful Country In These 11 Years 

Filled People's Mind With Hate Anger

Hindu Killed Another Hindu 

No Outrage? 
No Bulldozer? 
No Godi Media Talking About This 
AndhGobar Bhakts Gone On Silent Mode https://t.co/1xEjYPRxay",2025-08-31 16:33:54+00:00,,0,0,0,0,2025-02-13 04:45:42+00:00,77,5331,False,Bombay
1962191934912643258,1200068893064101894,"@SamuelLals14698 Watch the speech of Naga Student Federation Myanmar Speech in the recently concluded NSF meeting/Election.

You'll know why bhakts are making this pic viral üòÇüòÇ",2025-08-31 16:33:07+00:00,,0,0,0,0,2019-11-28 15:08:21+00:00,133,3783,False,
1962191919725109709,136704741,"@grok @DC16788 @nkk_123 Hope, @narendramodi and his #Bhakts won't disagree.

Now, who are the taxpayers? @nsitharaman &amp; @AmitShah",2025-08-31 16:33:04+00:00,,0,1,0,0,2010-04-24 17:33:00+00:00,204,34916,False,
1962191838292398390,700625536,@DrNeilStone It‚Äôs the powehouse of the cell! Likely the only thing these people remeber from biology class.,2025-08-31 16:32:44+00:00,,0,0,0,0,2013-10-03 20:10:40+00:00,597,2517,False,"New Jersey, USA"
1962191672701321309,150917546,@GLogistician @SirhaXalot_ If I had to guess cell phones or other electronic activities. If it was for drones I would expect a camera or IR sensor.,2025-08-31 16:32:05+00:00,,0,0,2,0,2010-06-02 04:18:10+00:00,30,1223,False,
1962191554824806476,1449944666426781696,"Congratulations bhakts for making a fool of us.
Now even Chinese will see https://t.co/CJTZSuN3Ru",2025-08-31 16:31:37+00:00,,0,0,0,0,2021-10-18 03:45:50+00:00,142,35135,False,
1962191550240231881,144551640,"@ADSINGH_1492 @BrethrenIndia @SevakMasih @DalawaiMaddy533 Nice try to provoke but you will fail. None of us will cross the line.
We know you have multiple accounts and losing one doesn't make a difference to you. If we reply in your language, your IT cell will mass report us and get us suspended. https://t.co/t9YpetN7NX",2025-08-31 16:31:35+00:00,,2,2,2,0,2010-05-16 16:41:12+00:00,2146,69460,False,
1962191547677688264,29717715,Godi media is literally saying anything to justify Modi‚Äôs visit to China.,2025-08-31 16:31:35+00:00,,0,0,0,0,2009-04-08 13:47:24+00:00,33,3708,False,India
1962191536575160483,889635926724530177,"Mission over clicks ‚Üí Instead of pushing raw transactions, an agent sets out on a mission: optimize a pool, flip assets, or craft something inside a game economy. It‚Äôs not a button press, it‚Äôs an executable playbook.",2025-08-31 16:31:32+00:00,,0,1,0,0,2017-07-24 23:58:28+00:00,2204,18953,False,Kano State
1962191513238036593,1598369762869973001,‚Äúbring back bullying‚Äù bring back those who died from it then you wasted sperm cell,2025-08-31 16:31:27+00:00,,0,0,0,0,2022-12-01 17:33:54+00:00,16,857,False,
1962191509572522303,1720665183188922368,"@Mojster_jaka1 @BrMuphy @aaronadamsx @HarmonyHaven_1 The study is ""Short-term post-fast refeeding enhances intestinal stemness via polyamines"" by Shinya Imada, Saleh Khawaled, et al., published in Nature on August 21, 2024. It explores how refeeding after fasting boosts gut stem cell regeneration but may increase cancer risk in",2025-08-31 16:31:26+00:00,,0,0,0,0,2023-11-04 04:52:34+00:00,6144289,43677670,True,wherever you are
1962191488072470980,3304852508,IT cell being internationally fact checked. A new low https://t.co/Htfir0FUCZ,2025-08-31 16:31:21+00:00,,0,0,0,0,2015-08-03 05:38:45+00:00,596,34303,False,kolkata
1962191435391779311,1574980555699019776,"@Rho_die Im fine with it existing but im pessimistic about how effective bioreactors can be. You need a delivery system to every cell to feed them and help them manage waste. In a sense domesticated animals are already ‚Äúlabgrown‚Äù, in that theyre far better than the optimum than can be",2025-08-31 16:31:08+00:00,,0,1,2,0,2022-09-28 04:33:31+00:00,1960,37081,False,Canada
1962191365573575015,73640777,"@shen_shiwei @amitmalviya this guy is head of BJ party IT cell

He is paid by mudi shah to spread propaganda.

Utter shame.",2025-08-31 16:30:51+00:00,,0,0,1,0,2009-09-12 13:20:30+00:00,1146,20924,False,India
1962191349957955745,1586369113227673601,@shen_shiwei It's the BJP it cell who want to glorify modiji using the chinese drone show to impress blind right wingers of india despite they hating your country and electing PM on that basis.??,2025-08-31 16:30:48+00:00,,0,0,0,0,2022-10-29 14:47:45+00:00,342,112153,False,USA
1962191309403500995,1009930229714808832,@DrGregLittle2 What? It‚Äôs a goddamn cell phone in a pretty case!,2025-08-31 16:30:38+00:00,,0,0,0,0,2018-06-21 22:45:05+00:00,573,5606,False,"Albuquerque, NM"
1962191292815032664,1541038649340440577,"@investogram24 @mystocks_in Is jaise naam ke hi to fake voter bna rkhey h ..
Fake twitter I'd b bnani suru kr di...
IT cell wallo..
Ne",2025-08-31 16:30:34+00:00,,0,0,0,0,2022-06-26 12:40:35+00:00,279,6594,False,INDIA
1962191245419458594,388451065,"Wait for photoshop magic!

By the time BJP‚Äôs propaganda division (IT Cell) turns it into a WhatsApp meme for mass forwarding, #VishwaGuru will be standing in front of Eleven Jinping-ji‚Ä¶ https://t.co/cFEqC3bdYt",2025-08-31 16:30:23+00:00,,1,0,3,1,2011-10-10 19:25:03+00:00,24426,45072,False,Goa/ Mumbai
1962191241459662874,812770414703345665,"@EWErickson IT USUALLY HAPPENS AROUND 50 YEARS OLD BUT CAN BE EARLIER. DEFICIENCY ALSO IMPEDES THE IMMUNE FUNCTION AND THE JANITORS MALFUNCTION AND BOOM YOU END UP WITH UN CONTROLLED CELL GROWTH AND THUS CANCER.
VS A STRONG BEEFED OUT IMMUNE RESPONSE THAT CLEARS THE MALFUNCTIONING CELLS.",2025-08-31 16:30:22+00:00,,0,0,0,0,2016-12-24 21:22:22+00:00,65,10890,False,UNDERGROUND BLACK BUDGET CITY
1962191179123945505,1845484829800067072,"This is how men are jailed:
Ex with a grudge
Police patchwork case with Clare‚Äôs Law
Crown ‚Äúbelieves women‚Äù
Jury hears only half a story
Verdict? Guilty. Innocent man in a cell.
This isn‚Äôt justice. It‚Äôs state-sanctioned abuse.
#JusticeForMen",2025-08-31 16:30:07+00:00,,1,0,3,0,2024-10-13 15:20:53+00:00,260,4121,False,Scotland
1962191169334456405,1814328716131999744,"Even if that's true (it‚Äôs not), EXOLs are still leagues ahead of whatever you freaks call yourselves. Asslicking SM for what exactly? Use that last pathetic brain cell in your empty skulls and THINK why do EXOLs despise SM in the first place? truth is you‚Äôre clueless &amp; delusional https://t.co/rmTn6uRZ6J",2025-08-31 16:30:05+00:00,,0,0,6,0,2024-07-19 15:57:57+00:00,354,14485,False,
1962191082726244684,1779922273127858177,"@GovLauraKelly Social media.  It‚Äôs the super catalyst for mental illnesses, especially for children.  I propose that the state of Kansas adopt a no phone policy.  No student shall have cell phones accessible during school hours.  Must be locked up.  Focus their minds on the work at hand. Do it!",2025-08-31 16:29:44+00:00,,0,0,0,0,2024-04-15 17:18:48+00:00,3000,10287,False,"Wichita, KS USA"
1962191075960824029,959049900834066432,Godi media getting praise at international levels https://t.co/j3XsXDSRdD,2025-08-31 16:29:42+00:00,,0,0,1,0,2018-02-01 13:04:49+00:00,2565,200571,False,
1962191044935913719,1482994600965189634,"@Wutnameischosen @tovarischrex god i wish, atleast then we'd have a left wing version of godi media",2025-08-31 16:29:35+00:00,,0,1,1,0,2022-01-17 08:34:11+00:00,145,2698,False,19  // he/he/he
1962191037662658797,1728795640191152128,"@VividProwess And Israel will do it this time stuffed shite sandwiches in a cell 
üôèüèºü§£üôèüèº",2025-08-31 16:29:33+00:00,,0,0,1,0,2023-11-26 15:20:58+00:00,575,23380,False,
1962190977902522383,1750706063215603713,"@AmericaPapaBear I try whenever possible to pay with cash. It‚Äôs a more private transaction. I‚Äôm likely still on camera and if my cell phone is not in it‚Äôs go dark bag, these things are tracking me. But I don‚Äôt want to live in a world where everything I purchase is recorded. #paycash",2025-08-31 16:29:19+00:00,,0,0,0,0,2024-01-26 02:24:28+00:00,76,899,False,Vancouver Island Canada üá®üá¶ 
1962190953264886057,959049900834066432,"@shen_shiwei These are Modi's IT cell and G0di media , they spread fake information like this",2025-08-31 16:29:13+00:00,,1,0,15,0,2018-02-01 13:04:49+00:00,2565,200571,False,
1962190853025440025,17678210,"@pallavict @narendramodi I miss the days when Bhakts were dropping Chinese TVs from their roof tops, uninstalling apps and showing mocking how the Xi can't walk down the stairs without support. Sigh!",2025-08-31 16:28:49+00:00,,0,0,0,0,2008-11-27 13:53:10+00:00,119,7670,False,Lost in thought!
1962190652642615711,3303693811,"@iAnonPatriot I.M.O.: What does ""rainbow colors"" have to do with mutilating your body, cutting off your balls, dressing and acting like the rainmaker living in cell 37 at Rikers...block 9...the sex slaves of prison life...that's a ""safe place""? Fix the problem not the blame...let it be...",2025-08-31 16:28:01+00:00,,1,0,3,0,2015-08-01 20:38:08+00:00,454,4725,False,
1962190459650146777,1273313789039882240,@MrSinha_ It cell ki paidaish,2025-08-31 16:27:15+00:00,,0,0,0,0,2020-06-17 17:57:30+00:00,137,23456,False,"Jalandhar, India"
1962190350057095243,1720665183188922368,"@zachwambugu643 @InternetH0F It looks like a prison cell video where an inmate tries crawling through the ceiling (maybe escaping), but it collapses. He falls onto the bunk below, landing butt-first on another inmate's face. Hence the ""protect the cheeks"" joke! üòÖ",2025-08-31 16:26:49+00:00,,0,0,0,0,2023-11-04 04:52:34+00:00,6144289,43677670,True,wherever you are
1962190339327873172,1227646414882320384,"@WisDems @joncoopertweets I don‚Äôt blame him, no one with more than one brain cell wants to come across Soros‚Äôs thick brainwashed dummies if they can help it.

Best avoided for the plague they are.",2025-08-31 16:26:47+00:00,,0,0,0,0,2020-02-12 17:32:04+00:00,3040,94667,False,
1962190222395130286,1695656330638630912,"@Ganguru7890 @thepheonixguy At this rate, Xi and Putin will make Modi shake hands with Sharif and IT cell will call it Shiva Tandav!",2025-08-31 16:26:19+00:00,,1,0,1,0,2023-08-27 04:36:00+00:00,144,10583,False,
1962190189704687983,1219648584964104193,"@dhruv_rathee The same China that was supporting Pakistan during Operation Sindoor, the Godi media is calling Modi's meeting with that China as a master stroke.
#videshneeti 
#ModiInChina",2025-08-31 16:26:11+00:00,,0,0,0,0,2020-01-21 15:51:22+00:00,444,723,False, Delhi
1962190139301511169,1447969045219786754,@762mmbutch Facts it‚Äôs lowkey the reason why cell arc is better,2025-08-31 16:25:59+00:00,,0,0,1,0,2021-10-12 16:55:11+00:00,108,7232,False,"Toronto, Ontario"
1962190052231950578,1776762828331835392,"@Jones_VanguardX @gddub Is it too extreme to want a masked up Hamilton counter protest cell, blocking the path of Marxist marches and arriving at their protest locations before them?

It‚Äôs not going to be every protest, but once a year would be suffice to start. 20 minute land hold then it‚Äôs finished. https://t.co/RrLbg4QGCb",2025-08-31 16:25:38+00:00,,0,0,0,0,2024-04-07 00:04:25+00:00,726,23444,False,
